source_id,source_type,source_name,publisher,publication_year,chapter_or_section,url,confidence_level,scope_notes
SRC-ASHRAE-2025-CH26,Primary,ASHRAE Handbook 2025 - Chapter 26 (SI),ASHRAE,2025,Chapter 26 - Heat Air and Moisture Control in Building Assemblies - Material Properties,https://handbook.ashrae.org/Handbooks/F25/SI/F25_Ch26/F25_Ch26_si.aspx,High,Generic material reference values for thermophysical properties (conductivity density specific heat emissivity absorptivity).
SRC-ISO-6946-2017,Primary,ISO 6946:2017 Building components and building elements - Thermal resistance and thermal transmittance - Calculation methods,International Organization for Standardization,2017,ISO 6946:2017(E),https://www.iso.org/standard/65708.html,High,Standard international methodology for layered component U-value calculations surface resistances (Rsi Rse) and air cavity resistance.
SRC-LADAKH-REGS-2023,Primary,Ladakh Standardized Development and Building Regulations 2023 / Draft Unified Bye-Laws,UT Administration of Ladakh / BIS,2023,SP 73:2023 / Building Regulations 2023,https://www.bis.gov.in/wp-content/uploads/2024/02/20240115-Ladakh-Final-Standardized-Development-and-Building-Regulations.pdf,High,High-altitude climatic design regulations building planning guidelines and passive solar mandates for Ladakh.
SRC-NBC-INDIA-2016,Primary,National Building Code of India 2016,Bureau of Indian Standards (BIS),2016,Group 1 - Part 8 Building Services Section 1 Lighting and Natural Ventilation,https://www.bis.gov.in/standards/national-building-code/?lang=en,High,National standards for Indian building envelope ventilation natural lighting and construction practices.
SRC-ISO-10456-2007,Secondary,ISO 10456:2007 Building materials and products - Hygrothermal properties,ISO,2007,ISO 10456:2007,https://www.iso.org/standard/40770.html,Medium,Conversion factors for thermal conductivity based on moisture content and temperature.
SRC-NIST-PUB,Secondary,NIST Heat Transmission Properties of Insulating and Building Materials (SRD 81),National Institute of Standards and Technology,1983,NIST Standard Reference Database 81,https://srdata.nist.gov/insulation/home/index,High,"NIST reference database for measured thermal conductivity, resistivity, conductance, and resistance of insulating and building materials. Use only for records actually present in SRD 81."
SRC-ROCKWOOL-DS,Secondary,Rockwool Building Insulation Technical Datasheet,Rockwool Group,2024,Technical Specification Sheet,https://www.rockwool.com/technical-insulation/,High,Manufacturer technical product data for mineral wool insulation batts and boards.
SRC-EPS-ALLIANCE-DS,Secondary,Expanded Polystyrene Insulation Type I/II Datasheet,EPS Industry Alliance,2024,ASTM C578 Product Specification,https://www.epsindustry.org/,High,Manufacturer technical data for EPS board insulation.
SRC-DOW-XPS-DS,Secondary,STYROFOAM XPS Technical Datasheet,Dow Chemical Company,2024,Product Data Sheet,https://www.dow.com/en-us/product/xps-insulation.html,High,Manufacturer technical data for XPS rigid foam insulation.
